VideoName,HM_pitch,HM_yaw,7s_MOS,15s_MOS
A_A_Bay.mp4,-0.1028442,-110.186984,3.4761904761904763,4.25
A_A_Boat.mp4,-4.587402,-115.9788,1.3888888888888888,2.1052631578947367
A_A_Coffee.mp4,-1.362488,150.0537,1.761904761904762,2.473684210526316
A_A_DubaiAtNight.mp4,-2.066498,83.4325,2.7142857142857144,3.473684210526316
A_A_Grid.mp4,-3.374054,140.85217,1.6666666666666667,2.294117647058824
A_A_NightBar.mp4,-4.207275,139.59372000000002,2.7,3.619047619047619
A_A_NightStars.mp4,-2.154846,10.031089999999992,1.4285714285714286,1.6111111111111112
A_A_NightStreet.mp4,0.5899734,-138.055789,2.05,2.45
A_A_Parade.mp4,4.507961,2.0780599999999936,1.8,2.4285714285714284
A_A_ShootingBall.mp4,-2.008514,-133.027675,3.2857142857142856,3.647058823529412
A_A_SkyPark.mp4,-6.042236,159.0495,3.142857142857143,3.9047619047619047
A_A_Store.mp4,-2.724152,-135.13670000000002,3.55,4.142857142857143
A_A_Street.mp4,-5.177246,160.1178,3.0476190476190474,3.631578947368421
A_A_Supertree.mp4,-4.451843,-128.30056,2.9047619047619047,3.952380952380953
A_A_ViewFromSky.mp4,-3.70047,6.053550000000001,3.2857142857142856,3.761904761904762
A_A_Woman.mp4,-1.56604,-126.94568,2.238095238095238,2.7142857142857144
A_B_BehindTree.mp4,-0.3297424,-176.98509,1.5555555555555556,2.473684210526316
A_B_Bund.mp4,0.7584566,-161.11829,2.611111111111111,3.611111111111111
A_B_DubrovnikCity.mp4,-2.487213,167.419023,3.1578947368421053,3.631578947368421
A_B_Fountain.mp4,1.475469,44.76069999999999,2.8095238095238093,3.555555555555556
A_B_FountainPark.mp4,-0.1455688,-59.01628000000001,1.6,2.142857142857143
A_B_JapanNightStreet.mp4,-3.08136,-2.9790299999999945,1.6470588235294117,2.555555555555556
A_B_Jongleur.mp4,0.2389836,-162.945016,1.5714285714285714,2.555555555555556
A_B_NightFlyover.mp4,-1.822174,160.92551,1.4736842105263157,2.0
A_B_NightFountain.mp4,0.09746043,-89.90283,2.5,3.263157894736842
A_B_Pedestrian.mp4,-7.043365,-173.1335,3.0,3.2
A_B_SnackStreet.mp4,-4.41507,-8.144499999999994,2.2,2.2857142857142856
A_D_Shrine.mp4,0.4523343,-124.118407,2.142857142857143,3.0
A_E_Fountain.mp4,-4.86615,139.0205,2.0476190476190474,3.8947368421052633
A_E_HolyAngel.mp4,-2.410797,-128.66003,3.55,3.952380952380953
A_E_Horse.mp4,-5.125916,11.048879999999995,3.2857142857142856,4.25
A_E_NorthKorea.mp4,-3.25238,139.93372,2.0,2.4444444444444446
A_E_NorthKoreaStreet.mp4,-4.521179,-168.32413,2.0,2.1904761904761907
A_E_OverlookForumRoad.mp4,-2.055206,-171.06944,2.9047619047619047,4.157894736842105
A_E_ViewFriomSpanish.mp4,2.499896,141.4038,1.95,3.85
A_E_ViewFromCastle.mp4,3.109224,132.15359999999998,1.95,3.619047619047619
A_E_ViewFromSite.mp4,0.3591741,149.649751,2.9047619047619047,4.105263157894737
A_H_NightView.mp4,1.387936,-36.28031,1.5263157894736843,1.8571428571428568
A_p_AmsterdamRedLightDistrict.mp4,5.007021,-169.99923,3.380952380952381,4.095238095238095
A_p_Bangkok.mp4,2.152891,156.79559999999998,2.142857142857143,3.555555555555556
A_p_BangkokTemple.mp4,3.653929,-118.29132,2.8095238095238093,3.809523809523809
A_p_BrooklynBridge.mp4,-4.492676,70.02029999999999,3.142857142857143,4.35
A_p_BudapestBuilding.mp4,1.517152,-37.89046,3.6,4.333333333333333
A_p_CloudForest.mp4,-4.498108,-103.44819,2.7142857142857144,3.619047619047619
A_p_DayInSingapore.mp4,4.504554,-117.0582,2.8,4.0
A_p_DenmarkCopenhagen.mp4,-2.150269,-121.96802,3.952380952380953,4.35
A_p_EiffelTower.mp4,-1.438049,29.427200000000013,2.0526315789473686,3.7142857142857135
A_p_FreshStore.mp4,-3.148499,-43.723654,2.952380952380953,3.555555555555556
A_p_LondonEye.mp4,1.095144,-144.9617,2.8095238095238093,4.0
A_p_NationalMemorialMuseum.mp4,-0.9761353,149.83812,1.8,3.4761904761904763
A_p_SantaMonicaPier.mp4,-0.07833862,6.43840999999999,2.9047619047619047,3.809523809523809
A_p_ShakespeareGlobeOpera.mp4,-0.327301,156.24955,2.4285714285714284,4.142857142857143
A_p_SuperkilenPark.mp4,-0.9484863,59.85980000000001,2.9047619047619047,3.7
A_p_ViennaMuseum.mp4,-0.97229,-65.31995,2.7142857142857144,3.85
A_B_DisneylandParis.mp4,22.44486,-163.63854750000002,4.6,5.0
A_B_Port.mp4,-3.472931,-104.1276,1.75,3.1052631578947367
A_B_Street.mp4,-1.294281,-15.968225000000004,1.85,2.55
A_B_ViewFromPark.mp4,-4.009475500000001,-146.0525215,1.0,2.0
A_C_BigBen.mp4,-1.0169981,133.93698,2.6666666666666665,3.7058823529411766
A_C_LondonBridge.mp4,-5.3535,-165.00536499999998,1.411764705882353,2.1666666666666665
A_C_NightCity.mp4,-3.565338,-153.963325,2.647058823529412,3.3125
A_D_KishiwadaFestival1.mp4,-3.5198825,111.978908,1.5294117647058822,2.421052631578948
A_D_KishiwadaFestival2.mp4,-0.75590515,16.975785000000002,2.0,2.85
A_D_NightParade.mp4,-1.9255675,-171.079015,1.4,2.15
A_D_ReligiousProcess.mp4,-3.856201,-120.982845,1.4210526315789471,2.421052631578948
A_D_ViewFormTemple.mp4,-2.575195,177.99198,2.15,2.6875
A_E_MetoStation.mp4,2.5888265,-160.127595,2.5,3.4444444444444446
A_E_NightPyongyang.mp4,-1.144257,-15.023635000000006,1.368421052631579,2.15
A_E_Panmunjom.mp4,1.74751805,-102.295821,2.75,3.3157894736842106
A_E_PyongyangMorning.mp4,2.460889,154.87489,1.894736842105263,2.3529411764705883
A_E_Square.mp4,2.017458,-101.001955,2.3,2.6875
A_E_SunSquare.mp4,-2.2204740000000003,93.1049,2.4705882352941178,3.0526315789473686
A_E_ViewStreet.mp4,-0.47588473,-139.6264975,2.1578947368421053,4.0
A_F_StartHauntedHouse.mp4,17.352405,-178.68223,2.5,2.0
A_H_KowloonPark.mp4,-4.788971,27.034925,1.4705882352941178,2.411764705882353
A_H_Pigeon.mp4,-2.432739,161.94567999999998,1.894736842105263,2.5294117647058822
A_K_NightBay.mp4,-5.8120270000000005,-113.76309,2.5,3.3157894736842106
A_L_Fireworks.mp4,-3.151947,-159.266155,1.95,2.6
A_M_Dabbagh.mp4,-4.052338,-138.489145,3.4375,4.421052631578948
A_M_DanceInTemple.mp4,-5.6674805,-26.47945775,3.0,4.0
A_M_Hamlet.mp4,-5.5226895,-88.01824,2.210526315789474,4.105263157894737
A_M_HolyRoundabout.mp4,-4.3278655,-101.991485,2.5789473684210527,4.0
A_M_KrishnaTemple.mp4,-2.7765965,-105.067785,2.75,3.5294117647058822
A_M_MatarStreet.mp4,-5.5627445,161.96603,3.3157894736842106,4.05
A_M_Nepal.mp4,-1.04428105,52.278445000000005,2.8947368421052637,3.611111111111111
A_M_Shwedagon.mp4,-4.743103,-62.80637,3.5,4.052631578947368
A_p_CatMuseum.mp4,-2.283066,-80.77914999999999,1.7222222222222223,3.8333333333333335
A_p_CliffJumping.mp4,2.0434835,162.83031999999997,2.3,3.0
A_p_Countyard.mp4,0.84071875,69.7325185,3.0,3.842105263157895
A_p_ElephantsOnTheBrink.mp4,-1.6872865,-113.04443,2.1052631578947367,3.7
A_p_GiantPuppy.mp4,-2.7114715,2.7641649999999984,2.35,2.75
A_p_Giraffe.mp4,-5.531814499999999,-90.26881500000002,1.4210526315789471,3.210526315789474
A_p_Lemur.mp4,-6.66301,-89.758905,1.85,2.555555555555556
A_p_Lion.mp4,-4.9839175,-92.982025,1.2105263157894737,2.35
A_p_MountainGorillas.mp4,-3.8543395,-138.14911999999998,2.0,3.1
A_p_NuclearExplosion.mp4,1.7548175,-95.95153000000002,1.7894736842105263,2.6
A_p_Rabbit.mp4,-0.5544281,-18.684465000000003,3.4,3.65
A_p_RoyalBalcony.mp4,-1.0103453,164.10078,3.2222222222222223,4.0
A_p_StreetMusician.mp4,20.972505,-104.7770095,2.388888888888889,2.823529411764706
A_p_StreetMusician1.mp4,11.552061,-103.99673,2.625,3.3
A_A_Beach.mp4,-2.921402,41.74305500000001,2.0,2.1052631578947367
A_A_Fire.mp4,0.90391465,157.883895,1.4705882352941178,2.25
A_A_Flame.mp4,-3.018585,117.87807,1.35,1.85
A_A_Massif.mp4,-3.574249,-57.0329,1.4,2.588235294117647
A_A_Seaside.mp4,-2.9799195000000003,130.005845,2.0,2.5
A_A_SnowField.mp4,-1.992325,114.99765915,3.45,4.15
A_A_Sunrise.mp4,-4.539917,-96.01627035,2.0,2.7058823529411766
A_A_Tower.mp4,-5.589066000000001,37.99163,1.588235294117647,2.888888888888889
A_A_Wood.mp4,-4.491257,-153.09715,2.0,2.5
A_B_Aquarium.mp4,-3.89949,-166.97369,2.45,3.588235294117647
A_B_Brook.mp4,-3.470459,119.94942,1.263157894736842,1.3529411764705883
A_B_Cave.mp4,-5.5432285,32.941335,2.411764705882353,3.4375
A_B_Cliff.mp4,-6.903045499999999,23.673761500000005,2.5,3.333333333333333
A_B_Fowl.mp4,-3.812393,176.91574350000002,2.0,2.85
A_B_Jog.mp4,-4.840271,34.787569999999995,3.55,4.2
A_B_Lion.mp4,-2.3824615,111.99083,3.65,4.444444444444445
A_B_LionDrink.mp4,-5.4639895,-51.64732,3.7777777777777777,4.0
A_B_Massif.mp4,-1.898056,84.00839500000001,2.235294117647059,2.5294117647058822
A_B_OnLightTower.mp4,-2.3596955,161.951175,2.4444444444444446,3.4
A_B_Peak.mp4,-1.3967896,170.04645,3.2,4.0
A_B_Robbit.mp4,-5.0109710000000005,-175.472365,2.0,2.8421052631578947
A_B_Seabird.mp4,-1.5389405,-94.999525,1.588235294117647,2.625
A_B_SharkEncounter1.mp4,-0.99172995,103.82022,3.2,3.555555555555556
A_B_SharkEncounter2.mp4,-6.331710999999999,120.902005,2.75,3.4
A_B_SnowMountain.mp4,-4.2796635,5.037304999999996,2.6,3.05
A_B_StatePark.mp4,-4.721161,161.63992000000002,4.052631578947368,4.526315789473684
A_B_Stream.mp4,-7.3587185,31.087743499999995,2.9473684210526314,3.5789473684210527
A_C_Cloud.mp4,-5.2279815,133.920275,2.65,3.5
A_C_Nest.mp4,-3.97641,-113.03566999999998,2.625,3.6666666666666665
A_D_Falls.mp4,-5.172333,16.032415000000007,1.6111111111111112,2.4375
A_D_Riverbanks.mp4,-6.7103275,-1.167346000000002,2.0,2.263157894736842
A_D_Sunset.mp4,-5.523056,-73.15095,2.1,3.1
A_D_TempleSunrise.mp4,-5.829147,-173.91004500000005,2.294117647058824,3.15
A_D_TempleSunset.mp4,-7.897995,-138.90678,2.2,2.7777777777777777
A_D_Tibetan.mp4,-3.9779355,156.048215,1.7894736842105263,2.5625
A_E_Ghat.mp4,1.4151335,-12.754885000000002,1.5294117647058822,2.1666666666666665
A_E_PalatineHill.mp4,-1.6663969,-152.638335,3.3,4.0
A_I_Beach.mp4,-4.298889,-46.4899135,3.4705882352941178,4.0
A_I_CatAndDog.mp4,-1.018433,-57.02707765,2.65,3.35
A_I_CatCoffee.mp4,-7.969955499999999,-173.97044499999998,3.1052631578947367,3.7
A_I_CatVSDog.mp4,-2.1729735000000003,-148.42620499999998,2.6875,3.6666666666666665
A_M_Street.mp4,-0.9391631,149.89977,2.789473684210526,3.473684210526316
A_M_TempleTraffic.mp4,-3.524292,-170.05982749999998,2.65,3.555555555555556
A_M_ViewFromHamlet.mp4,-2.965576,-111.955455,3.0526315789473686,3.5294117647058822
A_p_Carriage.mp4,0.9820529,-47.884465,3.5,4.0
A_p_Cyberharcelement.mp4,-3.5501865,33.18640700000001,1.6470588235294117,2.7222222222222223
A_p_FishermanBastion.mp4,-4.7718965,139.91005,3.45,4.0
A_p_InsidePalaceTerminal.mp4,0.93974955,155.664215,3.0526315789473686,3.625
A_p_JesusScenicSpot.mp4,-0.71813965,126.896195,2.263157894736842,3.7
A_p_JourneyOfSpace.mp4,-8.988434,-115.892318,1.4,1.85
A_p_LittleMermaidStatue.mp4,2.0783,119.651385,2.9411764705882355,3.7222222222222223
A_p_MiCorto.mp4,-0.15895325,-173.38119999999998,2.3529411764705883,3.3157894736842106
A_p_NotreDameInterior.mp4,-4.044556,-122.81811000000002,2.1666666666666665,3.6
A_p_PalaceInBuilding.mp4,-5.1720120000000005,129.896283,2.0,3.3
A_p_PalaceOfVersailles.mp4,-3.8384245,0.9457749999999904,2.95,3.473684210526316
A_p_ParisExperience.mp4,-3.7298125,-104.529205,2.25,3.5
A_p_PriestsAtTheVatican.mp4,-5.5244295,25.80998,2.4705882352941178,3.0
A_p_RoyalPalace.mp4,-4.931946,-17.07277,3.473684210526316,3.75
A_p_StovePray.mp4,-3.4779815,-126.346975,3.555555555555556,4.25
A_p_TowerOfLondon.mp4,-3.142563,-120.4586945,3.1,3.5625
A_A_BeginWorldCup.mp4,-2.9548795,-39.994675,1.947368421052632,2.588235294117647
A_A_Euro.mp4,-2.833313,-67.04435000000001,2.0,2.4375
A_A_MorningFlight.mp4,-2.43811045,-61.771365,3.0,3.45
A_A_NightFlight.mp4,-0.3487396499999999,-59.8609955,3.55,4.2
A_A_StreetDance.mp4,-4.2073975,-123.059415,2.055555555555556,2.45
A_A_StreetDance1.mp4,-3.766327,-52.15193,3.684210526315789,4.2105263157894735
A_B_AncientTown.mp4,1.67192205,-176.942525,2.1,2.1052631578947367
A_B_Ballon.mp4,-1.7552795,-156.833485,3.55,4.0
A_B_BallonFlight.mp4,1.3475264999999998,80.73447999999998,2.375,2.9444444444444446
A_B_BeachDance.mp4,-3.9359895,-72.187006,2.05,2.375
A_B_Car.mp4,-0.4488067799999999,-23.860964999999997,2.9,2.8947368421052637
A_B_CliffDiving.mp4,-1.9117125,-149.89166,3.3,3.5
A_B_Driving.mp4,-0.2013957499999999,-106.388505,2.8,3.3
A_B_Hike.mp4,0.8384733999999999,-15.032655000000004,2.5625,2.6875
A_B_InCar1.mp4,-1.545557,3.776634999999999,2.85,3.176470588235294
A_C_DargonBoat.mp4,0.7943389000000001,9.684219999999996,3.5,3.2
A_C_RacingBicycle.mp4,-2.939438,-68.15341,3.0,3.5
A_C_RappelDown1.mp4,-2.456619,-103.312055,2.75,3.25
A_F_BridegOpening1.mp4,1.7424485,-140.10291,1.1176470588235294,1.5294117647058822
A_F_BridegOpening2.mp4,0.654282,31.83384499999999,2.85,3.789473684210526
A_F_CartoonBearShow1.mp4,-1.46229555,-24.92261000000001,2.526315789473684,3.0
A_F_InTunnel.mp4,0.6115786,-151.702804,1.411764705882353,2.3125
A_F_JungleCruise1.mp4,-3.5387115,-74.97205500000001,3.111111111111111,3.625
A_F_JungleCruise2.mp4,-0.6845092500000001,-121.29149999999998,3.55,3.4375
A_F_SightseeingYacht1.mp4,-1.00434885,1.756149999999991,2.9473684210526314,3.388888888888889
A_G_Resturant.mp4,-0.57128905,-102.1400325,2.5,3.0
A_J_Cactus.mp4,0.78509725,109.03007,3.15,3.611111111111111
A_J_MeteorCrater.mp4,-0.92713955,-13.009090000000008,2.8823529411764706,3.411764705882353
A_J_MeteorMuseum.mp4,-0.1298445999999999,-32.826260000000005,3.25,3.1052631578947367
A_J_NationPark.mp4,3.7694135,80.27913,3.210526315789474,3.4705882352941178
A_J_NationParkPath.mp4,-0.1982686,-139.359287,3.1052631578947367,3.2
A_J_Oxyshpere.mp4,-0.7629617499999999,99.8898509,3.294117647058824,3.0
A_J_PathInForest.mp4,3.5817055,-46.10391,2.9473684210526314,3.4444444444444446
A_J_Skywalk1.mp4,0.15799695,83.3026,2.95,3.25
A_J_Skywalk2.mp4,2.2384795,59.925755,2.05,3.5294117647058822
A_J_SnowMountain.mp4,1.9305812,-135.83193,2.625,3.176470588235294
A_J_SpiderRock.mp4,-1.31570435,-9.412203500000004,3.055555555555556,4.0
A_K_Avatar1.mp4,-1.0812685,-171.8299245,3.5,4.0
A_K_RollerCoaster1.mp4,-1.1831968000000002,-42.95416,3.35,4.0
A_L_Beach.mp4,0.57362955,141.658795,3.25,3.789473684210526
A_L_Dusk.mp4,-3.2198485,126.2821855,2.4,2.833333333333333
A_L_Girl.mp4,-2.0059665,-38.41385,3.263157894736842,3.6875
A_L_Monkey.mp4,-6.096496999999999,-42.31327499999999,2.5,3.6
A_L_MorningBeach.mp4,-2.0349735,10.647236399999995,4.05,4.578947368421052
A_L_NightBeach.mp4,-2.3106385,85.97809500000001,3.1578947368421053,3.421052631578948
A_M_SunsetPoint.mp4,-3.1462555,-152.12378,4.105263157894737,4.529411764705882
A_M_SunsetPoint1.mp4,1.544049,-21.19881000000001,3.75,4.444444444444445
A_p_Aircraft.mp4,-0.2324066,-108.75412,2.2,3.684210526315789
A_p_CarCrash.mp4,1.9060648,-165.3449555,3.65,4.157894736842105
A_p_Cosplay.mp4,1.4765476999999998,-176.4917236,2.6,3.35
A_p_CrowdReacts.mp4,4.238531,-9.850536000000004,3.45,4.0
A_p_Fridge.mp4,0.0135112499999999,-90.00638799999999,2.4375,3.647058823529412
A_p_HotAirBalloon.mp4,-0.8026733500000001,-7.926455000000004,2.15,2.55
A_p_LifeOfJerkMan.mp4,1.7432487499999998,-66.861385,3.05,3.15
A_p_LionKing.mp4,-0.81005845,-176.34374549999998,3.5789473684210527,4.166666666666667
A_p_SpeedFlying.mp4,1.3661055000000002,-4.1040550000000025,1.736842105263158,3.0
A_p_Student.mp4,5.2134135,-70.00188,3.65,4.411764705882353
A_p_TraditionalChinesefood.mp4,-0.33681321,93.332835,1.947368421052632,3.5294117647058822
A_p_UnderTrain.mp4,-1.30737325,-10.507134999999998,3.210526315789474,3.555555555555556
A_p_WindowKids.mp4,-1.7771299500000002,-148.22241100000002,2.5294117647058822,2.5
A_A_Church.mp4,-3.734451,149.86163499999998,1.6470588235294117,2.421052631578948
A_A_GreatWall.mp4,-3.6386565,-6.091224999999994,2.142857142857143,2.7777777777777777
A_A_InsideSite.mp4,-1.899887,-92.7788,3.4761904761904763,4.0
A_A_MariammanTemple.mp4,0.1682290999999999,-77.09341500000001,3.333333333333333,4.0
A_A_Park.mp4,0.5898050000000001,-25.010023000000004,2.05,2.55
A_A_PlayMusic.mp4,-3.0627745,119.84847,1.85,3.2
A_A_Pray.mp4,-2.1815795,-15.433107,3.857142857142857,4.526315789473684
A_A_Temple.mp4,-3.068741,46.02969,1.5555555555555556,2.263157894736842
A_A_Temple1.mp4,-2.3831935,-130.247655,3.333333333333333,3.523809523809524
A_A_TheClock.mp4,-3.2586365,-132.04654,1.4444444444444444,2.411764705882353
A_A_WildTemple.mp4,-4.324783500000001,-70.91959,1.7,2.333333333333333
A_A_WorldCup.mp4,-3.4530945,-75.94602950000001,2.1904761904761907,2.9473684210526314
A_B_Buddha.mp4,-1.359207,-18.03137999999999,3.571428571428572,3.55
A_B_Dancer2.mp4,-1.392273,-83.8612,2.333333333333333,3.05
A_B_Dancers.mp4,4.4875135,-160.94883000000002,1.2777777777777777,1.9
A_B_FilmingSite.mp4,-2.08432,67.96578650000001,2.4761904761904763,3.0
A_B_FireShow.mp4,0.1273404,-20.176304999999992,1.9,2.35
A_B_GoldenTemple.mp4,-3.207123,175.3009,3.25,3.611111111111111
A_B_InCar2.mp4,2.399123,-175.81676149999998,3.588235294117647,4.0
A_B_IndoorDance.mp4,1.5189225,-3.875755000000012,3.0476190476190474,4.1
A_B_PlayMusic.mp4,-1.8766935,-5.007050000000007,3.619047619047619,3.9
A_B_Racing.mp4,0.76605415,79.71288,2.4285714285714284,3.095238095238096
A_B_Robot3.mp4,0.040515,38.030025,1.2941176470588236,2.0
A_B_ScenicSpot.mp4,-1.76297,-131.21486,2.473684210526316,2.523809523809524
A_B_StartShow.mp4,-2.7811585,-8.146516000000005,2.4,2.333333333333333
A_B_StreetDance.mp4,0.4849751,55.34489300000001,3.1904761904761907,3.571428571428572
A_B_VarietyShow.mp4,-4.262741,-120.32631,3.571428571428572,3.9047619047619047
A_C_BandBattle.mp4,-1.3494875,154.43982499999998,1.2,2.631578947368421
A_C_DanceShow1.mp4,-1.920822,-51.14666000000001,2.95,3.5294117647058822
A_C_Divas.mp4,-2.9141995,-160.000793,2.1,3.4444444444444446
A_C_Diving.mp4,-2.2770235000000003,-77.6871495,3.65,3.4761904761904763
A_C_Drifting1.mp4,-3.183929,166.98199499999998,3.4761904761904763,3.7222222222222223
A_C_Gliding.mp4,-2.262787,80.44892999999999,2.4285714285714284,2.761904761904762
A_C_Raceway.mp4,-1.0476683,-161.90069,3.0,3.619047619047619
A_C_RappelDown2.mp4,-0.1533966,-83.9736975,2.4761904761904763,2.571428571428572
A_C_Skining.mp4,-0.098121895,7.223880000000008,3.9047619047619047,3.571428571428572
A_C_Surfing.mp4,-3.6977995,-89.834764,2.8947368421052637,3.15
A_C_TFNW2.mp4,2.5142865,133.79600499999998,2.619047619047619,3.555555555555556
A_D_Driver.mp4,-0.1541928,-174.65415000000002,1.894736842105263,2.4285714285714284
A_D_NightMovie.mp4,-0.2539062549999999,-17.99251500000001,1.7142857142857142,2.142857142857143
A_D_NightShrine1.mp4,-0.1302490275,77.16197999999999,1.5263157894736843,2.0476190476190474
A_D_NightShrine2.mp4,1.8284514,-170.029543,1.6470588235294117,1.8
A_E_Hiking.mp4,-1.9581145,-34.86466,2.1,2.1904761904761907
A_E_OnTrain.mp4,-0.18735595,131.930595,2.238095238095238,2.833333333333333
A_F_BearShowEnd.mp4,0.9002951699999999,-131.6524325,2.55,3.1
A_F_DisneylandShow.mp4,0.1741860049999999,147.8703205,3.55,3.5294117647058822
A_F_SightseeingYacht2.mp4,-4.4999695,-68.03396000000001,2.380952380952381,3.1
A_F_SightseeingYacht3.mp4,-1.86347945,-121.43827,2.9047619047619047,3.809523809523809
A_H_WaterSailing.mp4,-0.5523178,-128.0691985,2.0,2.3529411764705883
A_I_Boxing.mp4,2.00290995,133.032829,3.555555555555556,3.857142857142857
A_I_GameBattle1.mp4,2.5993625,140.368871,3.684210526315789,4.047619047619048
A_I_SpiderMan1.mp4,-3.391602,-17.17313999999999,3.85,4.35
A_K_KumbuStupa.mp4,0.21433856,-131.54515,3.25,3.238095238095238
A_K_RollerCoaster2.mp4,2.1902665,-29.1511,2.6,3.947368421052632
A_K_RollerCoaster3.mp4,-5.681366000000001,-15.228950999999997,3.1578947368421053,2.9047619047619047
A_L_RanTrain.mp4,-3.2507325,-32.148160000000004,1.809523809523809,2.142857142857143
A_L_ThreeWheeler1.mp4,6.0423795,-80.32995,2.5,2.8095238095238093
A_L_ThreeWheeler2.mp4,0.3719432,123.472926,2.6666666666666665,2.523809523809524
A_L_TrainDrewIn.mp4,-3.3091885000000003,-78.106,2.0476190476190474,2.0
A_L_TrainScenery.mp4,0.75100435,-162.11631,2.15,2.15
A_A_AncientTown.mp4,0.0864640000000001,-157.13635,1.5,2.3157894736842106
A_A_BronzeStatue.mp4,-1.8719635,-87.09607,1.8421052631578947,2.0
A_A_InChurch.mp4,-3.7879335,-143.8501,2.2,3.111111111111111
A_A_InsideChurch.mp4,-4.394455000000001,-163.9766415,1.7,2.3
A_A_InsideTemple.mp4,-1.79422,151.0266335,1.2941176470588236,2.0
A_A_NightTemple.mp4,-5.1188815000000005,139.028105,1.0,1.5555555555555556
A_A_OutsideTemple.mp4,-2.1231845,159.96133749999998,1.8,2.375
A_B_Cathedral.mp4,-5.221588000000001,-162.9968775,1.588235294117647,2.2
A_B_CubaStreet.mp4,-6.4902345,-118.013061,2.388888888888889,2.4705882352941178
A_B_MickeyMouse.mp4,-2.714035,-30.10831999999999,4.35,4.7
A_B_Mural.mp4,-1.7360384999999998,-39.862685000000006,2.65,3.333333333333333
A_B_OnBridge.mp4,-3.9700165,1.1355950000000092,2.15,2.555555555555556
A_B_Park.mp4,-4.7415005,103.92519289999998,1.9,2.0
A_B_PooL.mp4,-2.735611,-4.966945000000003,1.85,2.3529411764705883
A_B_Robot1.mp4,-1.859909,112.9897715,1.5789473684210529,1.95
A_B_SpongeBob2.mp4,-2.865906,130.81451249999998,3.3,3.3
A_B_SuspensionBridge1.mp4,-1.4365538999999998,-37.62938499999999,3.05,3.55
A_B_SuspensionBridge2.mp4,-1.1764525,-175.8638135,2.9444444444444446,3.0
A_B_SuzhouGardens.mp4,-5.3080745,-170.05019,1.894736842105263,2.6842105263157894
A_C_BerlinChurch.mp4,-2.039276,79.977255,2.5,3.0
A_C_Drifting2.mp4,-0.2317505,-65.796845,2.75,3.45
A_D_BaptistChurch.mp4,-6.326584,156.87026849999998,2.9473684210526314,3.0
A_D_BuddhaCave.mp4,-5.644591999999999,8.7915,1.5,2.05
A_D_ConfucianTemple.mp4,-5.041885499999999,-97.122862,1.3888888888888888,2.4375
A_D_HeavenTemple.mp4,-2.550339,-167.148135,1.736842105263158,2.5
A_D_InsideHangingTemple.mp4,-2.7502895,42.79002000000001,1.6111111111111112,2.0
A_D_InsideMonsatery.mp4,-4.287918,-171.9912675,1.4210526315789471,2.25
A_D_JapanTemple1.mp4,-4.931076,5.008355499999993,1.5294117647058822,2.375
A_D_OutsideGrottoes.mp4,-0.0043954999999999,-157.0261,1.5789473684210529,2.35
A_D_PigeonOnEaves.mp4,-7.642868,148.33527500000002,2.0526315789473686,2.55
A_D_StoneBuddha.mp4,-4.009201,13.95039,2.0,2.4
A_E_Arch.mp4,4.360241,-165.866635,3.789473684210526,4.2
A_E_ForumRoad.mp4,-4.4810485,14.575564999999996,3.35,3.5625
A_E_InsideLibrary.mp4,-3.2841645,177.1028945,2.0,2.75
A_E_PeopleLibrary.mp4,-6.922989,-174.30223949999998,2.0,2.555555555555556
A_E_RomanChurch.mp4,-3.711685,-171.6836895,3.6875,4.2631578947368425
A_E_RomanTemple.mp4,-1.7060545,96.64495,2.95,3.684210526315789
A_E_SpyShip.mp4,-5.1954195,176.9747145,1.5,2.0
A_F_Firework1.mp4,6.812169,-178.76813,1.3,1.3888888888888888
A_F_Firework2.mp4,-1.1789188000000002,175.171695,2.055555555555556,3.2
A_G_BelligioFountainShow1.mp4,0.48457445,-170.65932,3.35,3.7
A_G_CircusHotel1.mp4,0.4818222,-177.52753,1.7894736842105263,2.75
A_G_Fountain1.mp4,-0.2543634999999999,-118.202124,2.55,2.736842105263158
A_G_IndoorFountainShow1.mp4,-1.020278795,-168.29643,2.25,2.764705882352941
A_G_NightFountainShow1.mp4,-2.5029295,-113.067159,2.15,2.95
A_G_StreetLightShow2.mp4,-5.8370665,-24.34085799,2.7,3.2777777777777777
A_G_StreetShow1.mp4,-4.6068575,153.91294349999998,2.55,3.0
A_G_VolcanoShow1.mp4,-2.23938,-155.3576715,2.2222222222222223,3.05
A_G_VolcanoShow2.mp4,-4.1875610000000005,-151.96972449999998,2.055555555555556,3.0
A_H_Cemetery.mp4,-6.245987,-9.761975,3.789473684210526,4.2
A_H_DarkPalace.mp4,-6.323334,-176.862425,3.85,4.15
A_H_EveningPrayer.mp4,-6.191391,-173.979725,2.3125,2.473684210526316
A_H_Mosque.mp4,-2.39457685,-54.0835595,1.588235294117647,2.3529411764705883
A_H_Prayer.mp4,-4.8168945,-18.097385000000003,2.65,3.625
A_H_Ruins.mp4,-2.4272915,-170.013565,3.421052631578948,4.0
A_H_TheChildInPalace.mp4,-4.1134795,122.00476,2.9,3.7777777777777777
A_I_BoxingMatch.mp4,-6.7093810000000005,-176.801915,2.7,3.0526315789473686
A_I_Dinosaur1.mp4,-4.742569,-117.867675,3.7,4.352941176470588
A_I_GameBattle3.mp4,-4.605133,-164.971385,3.55,4.0
A_I_HelpWanted.mp4,0.096343285,134.30982,3.75,4.0
A_I_HotelTop.mp4,-5.277877999999999,-121.1868525,3.05,3.75
A_I_MyWorld.mp4,-0.48359795,51.758055,3.65,4.0
A_I_NightAvenue.mp4,-0.28444935,-15.080068499999996,2.9,3.1052631578947367
A_I_NightStreet.mp4,-0.46725465,-0.0777000000000001,2.65,3.1666666666666665
A_I_OnShip.mp4,-3.6415865,-1.990249999999996,3.55,3.85
A_I_SpiderMan2.mp4,-3.702652,177.24224650000002,4.0,4.375
A_I_SpongeBob1.mp4,-0.50591135,15.673784999999995,4.529411764705882,4.7
A_I_Street.mp4,-3.7277375,-133.46517999999998,3.0526315789473686,3.555555555555556
A_J_Casa.mp4,-5.5519565,-152.01831,2.65,3.0
A_J_InCasa.mp4,-0.59742721,-6.892164999999999,2.0,3.05
A_K_BuddhasRoad.mp4,-4.212845,-172.11016999999998,3.588235294117647,3.6875
A_M_Bowing.mp4,1.6067725,-23.956815,2.2777777777777777,2.6875
A_p_HogRider.mp4,-1.81021105,-136.70361,3.85,4.421052631578948
A_p_SolarEclipse.mp4,-6.799881,-107.989701,3.25,3.611111111111111
A_p_TeaCupPuppies.mp4,-4.326613999999999,53.850775,3.421052631578948,4.0
A_A_FlowerDemo.mp4,-5.936310000000001,-118.447005,3.1,3.9
A_A_Grassland.mp4,-9.5395505,161.04582,2.15,2.1578947368421053
A_A_NightBar2.mp4,-7.2813265,-8.042230000000004,2.6875,2.75
A_A_ParadeChaos.mp4,-10.379836,-127.97653,2.625,2.8947368421052637
A_A_WatchBallGame.mp4,-7.496596999999999,-172.083979,2.625,2.8
A_B_CGCastle1.mp4,-6.585251,71.89455,2.65,2.95
A_B_Concert1.mp4,-3.15477,-7.005265000000001,2.45,3.0
A_B_Dance2.mp4,-6.509308,175.961365,1.7894736842105263,2.2
A_B_Dancer1.mp4,-8.022888,-142.996049,1.8333333333333333,2.5
A_B_Everest.mp4,-5.794403000000001,-10.010744999999991,2.55,2.75
A_B_FriedNoodles.mp4,-6.149643,-156.99044500000002,2.35,2.95
A_B_Man.mp4,-5.5990145,-164.15641499999998,2.45,3.0
A_B_Restaurant.mp4,-4.29599,-173.03736600000002,2.6,3.0
A_B_Robot2.mp4,-2.6353605,79.869985,1.3529411764705883,1.894736842105263
A_C_Band1.mp4,-3.799866,2.37418499999999,2.65,3.25
A_C_Band3.mp4,-12.971815,-165.0552245,3.05,3.4
A_C_Band4.mp4,-6.01535,16.564025,2.833333333333333,3.3
A_C_Driving1.mp4,-6.6713565,146.2333,3.1,3.65
A_C_MusicShow1.mp4,-5.076538,-17.066785999999993,1.8,2.4
A_C_MusicShow2.mp4,-9.036499,177.25585,2.0,1.8421052631578947
A_C_TFNW1.mp4,-6.204376,135.90709300000003,1.95,2.647058823529412
A_D_ErlangTemple.mp4,-8.575728999999999,-166.043765,1.0,1.9
A_D_FunkyRoof.mp4,-4.5833585,-4.089860000000002,1.0,1.4736842105263157
A_D_GaintBuddha.mp4,-5.563812499999999,47.01873500000001,1.85,2.3684210526315788
A_D_HallOfPrayer.mp4,-1.7391665,-154.014331,2.1578947368421053,2.55
A_D_HangingTemple.mp4,-2.306488,-155.055485,2.3684210526315788,2.631578947368421
A_D_Kathmandu1.mp4,-3.955185,-75.906645,2.35,2.625
A_D_Kathmandu2.mp4,0.1777262,-137.97760499999998,1.8,2.5
A_D_LingbaoPagoda.mp4,-0.3210754,104.182485,1.411764705882353,1.625
A_D_LingyunTemple.mp4,-8.799560499999998,-83.9499575,2.5294117647058822,2.5
A_D_MaryCathedral.mp4,-6.1078795,-166.03429599999998,1.8421052631578947,2.45
A_D_MaryChurch.mp4,-6.9210815,78.05083499999999,1.85,2.5
A_D_Mascot.mp4,-5.729233000000001,-164.98273,2.6,2.8823529411764706
A_D_Monastery.mp4,-6.101654,1.976794999999996,2.411764705882353,2.5
A_D_YunGrottoes1.mp4,-9.147293,-35.047979999999995,2.111111111111111,2.4
A_E_OnSpyShip.mp4,-9.2940215,12.356649999999997,2.4705882352941178,2.9444444444444446
A_F_BirdShow2.mp4,-9.175522,-135.70845,1.3529411764705883,1.8
A_F_CartoonBearShow2.mp4,-5.099945,-160.814955,2.473684210526316,3.0
A_F_CartoonBearShow4.mp4,-8.167984,-1.9673275000000032,1.631578947368421,1.95
A_F_Firework3.mp4,-3.6650845,-171.73143,1.4736842105263157,2.5
A_G_BelligioFountainShow2.mp4,-7.0404815,120.0001675,3.294117647058824,4.0
A_G_CircusHotel2.mp4,-9.156189,-9.96974500000001,2.5,2.647058823529412
A_G_Fountain2.mp4,-5.932846,-116.44166,2.85,3.0
A_G_IndoorFountainShow2.mp4,-8.64122,-6.986065000000011,2.8421052631578947,3.0
A_G_IndoorFountainShow3.mp4,-4.863357499999999,19.92083,2.8421052631578947,3.421052631578948
A_G_LakeShow.mp4,-10.069015,-115.9772,2.45,2.6875
A_G_NightFountainShow2.mp4,-7.7677765,140.033893,2.0526315789473686,2.625
A_G_NightFountainShow3.mp4,-7.0161285,-140.238875,2.1578947368421053,2.55
A_H_InsidePalace.mp4,-10.1171105,7.018234999999997,2.4375,2.6
A_H_NightfallMosque.mp4,-7.863602,-19.162018000000003,2.4,2.421052631578948
A_H_Palace.mp4,-7.504623,-87.056501,2.25,2.55
A_I_Dinosaur2.mp4,-8.789505,118.2318195,4.052631578947368,4.5
A_I_Ferry.mp4,-8.064437999999999,-6.577264999999997,3.6875,4.0
A_I_GameBattle2.mp4,-7.191040000000001,122.76551,3.4,4.157894736842105
A_I_SpongeBob2.mp4,-6.641968,-172.42437975,4.611111111111111,4.5
A_I_Squidward.mp4,-5.285385,17.815262999999995,4.526315789473684,4.666666666666667
A_M_Cart.mp4,-2.5715485,-149.952315,2.9473684210526314,3.9444444444444446
A_M_Cathedral.mp4,-6.481979000000001,-162.48254500000002,3.35,4.0
A_M_CaveChurch.mp4,-8.1207275,160.14305,3.8,4.5
A_M_CaveTemple.mp4,-8.9113155,86.055465,2.95,3.6
A_M_GreatMosque.mp4,-8.213562,65.929725,3.6666666666666665,4.0
A_M_Hall.mp4,-7.779541,1.9154299999999933,3.210526315789474,4.0
A_M_InsideChurch.mp4,-11.661225,2.934960000000004,3.111111111111111,3.6875
A_M_InsideMosque.mp4,-9.8539735,120.121965,3.0,3.388888888888889
A_M_Madrasah.mp4,-8.3092045,-162.617795,3.3,4.0
A_M_Mosque.mp4,-6.394165,-76.03399,3.3157894736842106,4.0
A_M_NativityChurch.mp4,-5.128906,160.01651700000002,3.4375,3.9444444444444446
A_M_NightShwedagon.mp4,-6.094390499999999,169.112125,3.1578947368421053,3.3
A_M_OldSynagogue.mp4,-8.8424835,-146.45261150000002,3.3,3.7
A_M_OutsideChurch.mp4,-10.3127295,23.941025000000003,2.25,3.3
A_M_OutsideMosque.mp4,-10.637605,29.07114,2.6842105263157894,3.210526315789474
A_M_StoneBuliding.mp4,-6.0665890000000005,-168.00455999999997,3.4375,3.263157894736842
A_M_SulePaya.mp4,-9.271806,177.954685,2.631578947368421,3.736842105263158
A_M_WishingWell.mp4,-5.671448,-160.79115000000002,2.55,2.647058823529412
A_M_Workship.mp4,-8.498702999999999,-12.109899999999987,3.0,3.0
A_A_Bar.mp4,-2.5450745,-161.00341985,2.3125,2.1578947368421053
A_A_Bar3.mp4,-3.2280275,-173.9914,3.0526315789473686,3.111111111111111
A_A_Fans.mp4,-2.2958985,-20.01998,2.1,2.4375
A_B_CGCastle2.mp4,-6.192093,131.735977,3.2222222222222223,3.0
A_B_CGStatue.mp4,-4.002411,100.897225,2.65,2.85
A_B_Concert2.mp4,-6.3298185,-30.054584999999992,2.65,3.45
A_B_Dance1.mp4,-5.723724499999999,-58.0073124,1.9,2.35
A_B_Dining.mp4,-5.132293499999999,178.82357000000002,2.3,2.65
A_B_Doll.mp4,-5.5624235,3.93518499999999,2.5294117647058822,3.555555555555556
A_B_Fishing.mp4,-6.762192000000001,-53.10346,2.15,2.8947368421052637
A_B_FruitStore.mp4,-2.707504,139.77796,2.35,3.647058823529412
A_B_Gallery.mp4,-3.843521,6.672604499999999,3.0,2.8
A_B_HairCut.mp4,-4.492096,-95.052318,1.3333333333333333,2.4375
A_B_Resturant.mp4,-3.3021545000000003,10.05778865,2.1052631578947367,3.35
A_B_RideInCar.mp4,0.749908475,-57.33235,2.9,3.2
A_B_Subway.mp4,-2.4358370000000003,-141.92528950000002,2.5294117647058822,2.7
A_B_WashCar.mp4,-3.8194125,-115.004355,1.631578947368421,2.4375
A_C_Band2.mp4,0.8428006,175.665949,2.5,2.75
A_C_DargonBoatTeam.mp4,-2.1222685,-173.172795,2.9473684210526314,3.6
A_C_FlightTest.mp4,-4.278473,17.030675000000002,2.625,3.210526315789474
A_C_FlightTestOver.mp4,-5.140915,-144.186265,2.9,3.3
A_C_Testing.mp4,-4.49704,106.7108243,2.6842105263157894,2.526315789473684
A_D_Buddhist.mp4,-0.95898435,-143.964647,1.85,2.375
A_D_BurnIncense.mp4,-3.55867,172.75757000000002,2.25,2.3684210526315788
A_D_SacredCamphorTree.mp4,-5.4373015,-29.988634999999995,1.894736842105263,2.25
A_D_ThreeChildren.mp4,-2.538223,-52.995450000000005,1.5263157894736843,1.625
A_D_YunGrottoes2.mp4,-2.6934205,-164.05599,1.0,2.0
A_D_YunGrottoes3.mp4,-5.403717,133.949295,1.6842105263157894,2.2
A_E_BonfireNight1.mp4,-5.9058075,-170.33008999999998,1.125,2.0
A_E_BonfireNight2.mp4,-5.206482,-95.03702,2.4444444444444446,2.25
A_E_BottlingPlant1.mp4,-7.4168855,-83.96970549999999,2.0,2.25
A_E_BottlingPlant2.mp4,-4.725601,140.176851,1.947368421052632,2.25
A_E_DownFloor.mp4,-6.502121,-148.35046699999998,2.1,2.45
A_E_PingPong.mp4,-5.233779999999999,52.009265,2.611111111111111,2.6
A_F_BirdShow1.mp4,-1.2279205000000002,169.756835,1.1578947368421053,1.4705882352941178
A_F_CartoonBearShow3.mp4,2.70465,-170.6058805,1.2941176470588236,2.5625
A_F_Firework4.mp4,-2.0599365,177.9937555,1.95,1.947368421052632
A_F_InHauntedHouse.mp4,-3.3552245000000003,-173.9259,1.1578947368421053,1.3
A_F_PartyParade2.mp4,-2.9295655,50.971670500000016,3.411764705882353,3.647058823529412
A_G_NewYearDisplay1.mp4,-4.398056,-129.86224894999998,2.9473684210526314,3.0
A_G_NewYearDisplay2.mp4,-14.198575,-164.798085,3.4705882352941178,3.5
A_G_StreetLightShow1.mp4,-4.2329865,-95.942073,2.5294117647058822,2.95
A_G_StreetLightShow3.mp4,-4.845932,-105.95699,2.647058823529412,3.05
A_G_StreetShow2.mp4,-4.807785,-93.94993,2.2777777777777777,2.789473684210526
A_I_WhiteShark.mp4,-10.43779,163.06043,3.7222222222222223,4.052631578947368
A_I_WildWind.mp4,-2.077286,-50.141918,4.0,4.2105263157894735
A_I_Yacht.mp4,-4.505707,-42.335105,3.5789473684210527,3.941176470588236
A_K_Avatar2.mp4,-4.5553895,30.102640000000008,2.25,2.3
A_K_GameOver.mp4,-7.11821,-170.8833245,2.0526315789473686,2.3
A_K_Movie.mp4,-5.6557615000000006,177.23194999999998,2.4705882352941178,2.5
A_K_PlayGames.mp4,-2.654953,-107.5395675,2.473684210526316,2.611111111111111
A_K_WatchingFilm1.mp4,-8.634125000000001,-177.863395,1.35,1.95
A_K_WatchingFilm2.mp4,-4.9425505,-162.152765,1.263157894736842,1.6470588235294117
A_L_TrainStation.mp4,-2.2702175,54.978335,1.411764705882353,2.0
A_L_TrainTunnel.mp4,-5.4543610000000005,10.865854999999996,1.35,2.3125
A_M_Cathedral1.mp4,-0.6891179,-53.1591935,3.5789473684210527,3.8
A_M_CaveTemple1.mp4,0.7603013999999999,-68.63474,2.3,2.5
A_M_CaveTemple3.mp4,-1.7957459999999998,-90.137056,3.5,4.1
A_M_Chanting.mp4,-0.65792825,-33.907495,3.05,3.625
A_M_Christianity.mp4,-5.584183,-154.8353115,2.6,2.75
A_M_CityChurch.mp4,-10.653673,-157.65799499999997,3.0,3.625
A_M_Cloud.mp4,-4.824051,114.2904,3.4,3.7
A_M_DhammayangyiTemple.mp4,-7.8704985,-176.778405,3.1,3.4705882352941178
A_M_GrandMosque.mp4,-3.670746,-153.973974,3.0526315789473686,3.4444444444444446
A_M_LightFloor.mp4,-4.2773895,136.009708,3.0,3.421052631578948
A_M_NightLake.mp4,-2.7194825,-36.662325,3.055555555555556,3.45
A_M_NightShwedagon1.mp4,-7.161743,172.68969,2.75,3.6875
A_M_NightWorship.mp4,-0.7280120999999999,20.002012500000006,3.210526315789474,3.555555555555556
A_M_OldCity.mp4,-6.2230685,-75.49453,3.647058823529412,3.9
A_M_RockyMountains.mp4,-4.908981499999999,158.8725535,1.736842105263158,1.736842105263158
A_M_Shwedagon1.mp4,-4.49295,170.0709225,2.35,2.3684210526315788
A_M_Soldier.mp4,-6.8363645,-163.801575,2.263157894736842,2.8
B_A_Bay.mp4,-1.735504,-13.182247000000004,3.4285714285714284,3.333333333333333
B_A_Boat.mp4,-3.8530275,-6.933840000000004,2.388888888888889,1.2941176470588236
B_A_Coffee.mp4,-0.6472473599999999,-12.95315,2.0,1.5238095238095235
B_A_DubaiAtNight.mp4,-1.7845460000000002,-120.0902395,3.5789473684210527,2.8947368421052637
B_A_Grid.mp4,-2.952408,11.065419999999996,1.95,1.1764705882352942
B_A_NightBar.mp4,-4.0167695000000005,-67.93401499999999,4.05,3.3
B_A_NightStars.mp4,-1.5569305,150.027565,2.095238095238096,1.2
B_A_NightStreet.mp4,-3.4745635000000004,11.976184999999989,2.421052631578948,1.619047619047619
B_A_Parade.mp4,1.19062985,-136.960995,2.0,1.35
B_A_ShootingBall.mp4,-6.0911100000000005,13.244350000000011,3.764705882352941,3.15
B_A_SkyPark.mp4,-2.4255525,-20.126400000000004,3.842105263157895,3.333333333333333
B_A_Store.mp4,-0.198337152,53.17140000000002,4.0,3.85
B_A_Street.mp4,-4.6358335,-24.457385,4.0,3.4761904761904763
B_A_Supertree.mp4,-3.5201265,43.83484,4.047619047619048,3.5
B_A_ViewFromSky.mp4,-2.2114715,-125.574965,3.857142857142857,2.952380952380953
B_A_Woman.mp4,-1.0701295000000002,13.024004999999995,2.5294117647058822,1.7
B_B_BehindTree.mp4,-1.6484375,0.975749999999998,2.1,1.2777777777777777
B_B_Bund.mp4,-0.75846865,-5.497079999999997,3.421052631578948,2.9047619047619047
B_B_DubrovnikCity.mp4,-2.430817,-36.040639000000006,3.631578947368421,2.647058823529412
B_B_Fountain.mp4,-2.9065095,-157.31481000000002,3.764705882352941,3.05
B_B_FountainPark.mp4,-2.929245,132.949433,1.8571428571428568,1.3888888888888888
B_B_JapanNightStreet.mp4,-1.884003,-142.02734700000002,2.0,1.2941176470588236
B_B_Jongleur.mp4,-1.86174035,36.08887,1.8571428571428568,1.6666666666666667
B_B_NightFlyover.mp4,0.5239238,6.793800000000012,2.0476190476190474,1.25
B_B_NightFountain.mp4,-1.189041,25.901529999999998,3.4761904761904763,2.761904761904762
B_B_Pedestrian.mp4,-5.40625,-39.387185,3.523809523809524,2.55
B_B_SnackStreet.mp4,-2.4278565,-156.980695,1.75,1.5555555555555556
B_D_Shrine.mp4,-1.560501,59.96245499999999,2.555555555555556,1.5
B_E_Fountain.mp4,-1.5337527,-8.002154999999995,3.7142857142857135,3.0476190476190474
B_E_HolyAngel.mp4,-5.177841,104.097785,3.9,3.333333333333333
B_E_Horse.mp4,-3.78833,133.8659,4.578947368421052,3.809523809523809
B_E_NorthKorea.mp4,-2.520767,-12.386833500000002,2.388888888888889,1.4736842105263157
B_E_NorthKoreaStreet.mp4,0.7777555349999999,-1.9536999999999975,2.4,1.368421052631579
B_E_OverlookForumRoad.mp4,-0.99746695,9.893039000000002,4.0,3.8
B_E_ViewFriomSpanish.mp4,-2.6042785000000004,-31.004045,4.25,3.588235294117647
B_E_ViewFromCastle.mp4,1.40323465,0.1335499999999925,4.0,3.523809523809524
B_E_ViewFromSite.mp4,2.724139,9.761960000000002,4.0,3.571428571428572
B_H_NightView.mp4,-0.0614979499999999,-155.996145,2.421052631578948,1.263157894736842
B_p_AmsterdamRedLightDistrict.mp4,-0.252395655,-21.018380000000008,4.0,3.15
B_p_Bangkok.mp4,2.5123800000000003,-16.19691499999999,3.647058823529412,3.4761904761904763
B_p_BangkokTemple.mp4,5.875532,90.74809500000003,4.0,3.8
B_p_BrooklynBridge.mp4,0.190824,-89.728745,3.7777777777777777,3.142857142857143
B_p_BudapestBuilding.mp4,-1.3334045,109.9541115,3.7142857142857135,3.333333333333333
B_p_CloudForest.mp4,-0.8426664,29.164939999999994,3.947368421052632,3.523809523809524
B_p_DayInSingapore.mp4,2.6801915000000003,5.007050000000007,4.15,3.809523809523809
B_p_DenmarkCopenhagen.mp4,-0.25935365,56.96138499999999,4.421052631578948,4.2
B_p_EiffelTower.mp4,-2.9696655,-167.1279497,3.842105263157895,3.2857142857142856
B_p_FreshStore.mp4,-4.8002775,64.74764499999999,4.05,3.0
B_p_LondonEye.mp4,-4.1935275,3.533510000000007,4.095238095238095,3.4761904761904763
B_p_NationalMemorialMuseum.mp4,-0.60561585,3.92568,3.809523809523809,3.25
B_p_SantaMonicaPier.mp4,-2.2082672,-154.094895,3.761904761904762,3.1904761904761907
B_p_ShakespeareGlobeOpera.mp4,0.3085421,-22.01405,4.3,3.761904761904762
B_p_SuperkilenPark.mp4,1.7997565,-72.99794500000002,3.4761904761904763,2.7142857142857144
B_p_ViennaMuseum.mp4,-2.5028535,-177.3300505,3.809523809523809,3.588235294117647
B_B_DisneylandParis.mp4,9.1643945,19.070887500000005,5.0,5.0
B_B_Port.mp4,-6.0494845,139.94779,3.7,2.95
B_B_Street.mp4,-0.18119863,-149.783445,3.0526315789473686,2.15
B_B_ViewFromPark.mp4,-7.596222,-2.0233500000000006,2.25,1.35
B_C_BigBen.mp4,-0.91258255,-72.22755,4.105263157894737,3.736842105263158
B_C_LondonBridge.mp4,-6.340439,-74.995631,2.8,1.7777777777777777
B_C_NightCity.mp4,-5.87645,0.2316449999999932,3.75,2.9
B_D_KishiwadaFestival1.mp4,-1.5213774999999998,-69.048325,2.647058823529412,2.411764705882353
B_D_KishiwadaFestival2.mp4,-0.8148804000000001,-173.00654649999998,2.526315789473684,2.55
B_D_NightParade.mp4,-4.0787965,76.92224,2.1578947368421053,1.2777777777777777
B_D_ReligiousProcess.mp4,-2.5810545,-2.137110000000007,2.55,2.0
B_D_ViewFormTemple.mp4,4.300668,-1.0365545000000012,3.0,2.588235294117647
B_E_MetoStation.mp4,1.2273420000000002,-7.880519999999997,3.1578947368421053,2.6842105263157894
B_E_NightPyongyang.mp4,-2.551636,-177.88485,2.05,1.2777777777777777
B_E_Panmunjom.mp4,-1.3710935,54.879575,2.9444444444444446,2.6842105263157894
B_E_PyongyangMorning.mp4,1.95099,-19.14588,1.588235294117647,1.4705882352941178
B_E_Square.mp4,1.19929935,70.31012000000001,2.6842105263157894,2.1052631578947367
B_E_SunSquare.mp4,-1.8918305,-90.28853,2.9473684210526314,2.55
B_E_ViewStreet.mp4,0.5755247,32.805595,4.55,3.15
B_F_StartHauntedHouse.mp4,8.412927,29.032675000000005,2.8947368421052637,2.0
B_H_KowloonPark.mp4,-5.419327,-134.990601,2.5,1.9444444444444444
B_H_Pigeon.mp4,-6.4184265,-28.1019235,2.5,2.1
B_K_NightBay.mp4,-4.602417,34.77554,3.95,3.2
B_L_Fireworks.mp4,-5.9589235,-11.19122,3.3684210526315788,2.2
B_M_Dabbagh.mp4,-0.8839264499999999,38.41561,4.15,4.0
B_M_DanceInTemple.mp4,-6.1860655,138.16257000000002,4.375,3.85
B_M_Hamlet.mp4,-1.8553621,32.81911,4.4,3.95
B_M_HolyRoundabout.mp4,-3.022659,17.596625000000003,4.0,3.9
B_M_KrishnaTemple.mp4,-4.9252780000000005,41.807770000000005,3.75,3.4705882352941178
B_M_MatarStreet.mp4,-2.405487,-11.068162999999991,4.1,3.8
B_M_Nepal.mp4,-3.3132475,-86.191885,4.421052631578948,3.333333333333333
B_M_Shwedagon.mp4,-4.7844085,151.073295,4.647058823529412,4.444444444444445
B_p_CatMuseum.mp4,-3.993622,44.6538975,4.2,3.6
B_p_CliffJumping.mp4,-1.78756735,9.996745000000011,3.5,2.3684210526315788
B_p_Countyard.mp4,-1.516922,-127.5724225,4.2,3.55
B_p_ElephantsOnTheBrink.mp4,-5.5656585,54.3272285,4.0,4.05
B_p_GiantPuppy.mp4,-5.863495,-121.4337865,2.9,2.3529411764705883
B_p_Giraffe.mp4,-4.019409,10.423300000000012,4.0,2.263157894736842
B_p_Lemur.mp4,-6.0509035,165.69221199999998,3.4,1.95
B_p_Lion.mp4,-1.5358277275,-22.356915000000008,3.0,1.6111111111111112
B_p_MountainGorillas.mp4,-3.5449525,17.987405000000003,3.421052631578948,1.8333333333333333
B_p_NuclearExplosion.mp4,2.1216935,66.92547499999999,2.95,2.5
B_p_Rabbit.mp4,-0.4455414,-139.449707,4.444444444444445,3.35
B_p_RoyalBalcony.mp4,0.5210022,-11.014340000000004,4.0,3.588235294117647
B_p_StreetMusician.mp4,8.9289735,121.3202,3.0,1.5
B_p_StreetMusician1.mp4,7.634719,127.999005,3.0,2.388888888888889
B_A_Beach.mp4,-2.0169985,-108.960095,2.4705882352941178,1.736842105263158
B_A_Fire.mp4,-2.1543735,18.96740999999998,2.45,1.588235294117647
B_A_Flame.mp4,1.8849415,11.98889950000001,2.5,1.5789473684210529
B_A_Massif.mp4,-0.5566864,51.97599000000001,2.8,1.947368421052632
B_A_Seaside.mp4,-0.63606265,-84.07448,2.9,2.1052631578947367
B_A_SnowField.mp4,-1.613388,-23.896545000000003,4.25,3.85
B_A_Sunrise.mp4,1.192369,40.08594,2.9444444444444446,2.263157894736842
B_A_Tower.mp4,-1.32919295,-99.053135,3.0,2.473684210526316
B_A_Wood.mp4,1.4692395,60.01419,3.0,2.4
B_B_Aquarium.mp4,-2.8747865,-5.669834999999999,3.3125,3.5625
B_B_Brook.mp4,0.2702404499999999,-72.1097965,2.7,2.1
B_B_Cave.mp4,-2.4556885,-103.938628,3.7058823529411766,2.647058823529412
B_B_Cliff.mp4,-4.3650515,153.99184,3.2222222222222223,3.05
B_B_Fowl.mp4,-0.77595615,-7.010449999999999,3.0,2.4
B_B_Jog.mp4,0.37842494,-137.0514045,4.411764705882353,3.647058823529412
B_B_Lion.mp4,-3.1069795,-113.675123,4.35,3.85
B_B_LionDrink.mp4,-0.7666779499999999,127.9900525,3.625,3.85
B_B_Massif.mp4,-0.3514914999999999,-85.92905000000002,3.0,2.45
B_B_OnLightTower.mp4,1.1643291,-34.103132,3.647058823529412,3.35
B_B_Peak.mp4,-4.085952499999999,13.841965000000002,3.555555555555556,3.411764705882353
B_B_Robbit.mp4,-1.4207763999999998,11.896855000000002,2.9444444444444446,2.35
B_B_Seabird.mp4,-1.4981536,10.941912099999987,2.631578947368421,2.5
B_B_SharkEncounter1.mp4,-6.59404,-58.73257000000001,3.75,3.7777777777777777
B_B_SharkEncounter2.mp4,-4.459244,-75.08092500000001,4.1,3.55
B_B_SnowMountain.mp4,0.4555489,-169.011295,3.0,3.055555555555556
B_B_StatePark.mp4,-2.064056,-11.245729999999988,4.0,4.0
B_B_Stream.mp4,-1.88739,-163.29538,4.0,3.8
B_C_Cloud.mp4,-7.192429000000001,2.043635000000002,3.65,3.35
B_C_Nest.mp4,-0.9959566,38.34046500000001,4.0,2.888888888888889
B_D_Falls.mp4,-3.661606,-164.94465,2.789473684210526,2.0
B_D_Riverbanks.mp4,-3.6185915,-169.891815,2.5,2.210526315789474
B_D_Sunset.mp4,-6.356247,84.94156,3.35,2.8
B_D_TempleSunrise.mp4,0.3372795,-10.337100000000008,3.45,3.1052631578947367
B_D_TempleSunset.mp4,-4.969299,8.936405000000008,3.0,2.5625
B_D_Tibetan.mp4,-4.1927185,28.19254500000001,2.9444444444444446,2.0
B_E_Ghat.mp4,-1.9481505,161.100292,2.8,2.2
B_E_PalatineHill.mp4,-1.92836,32.035564999999984,4.2,3.25
B_I_Beach.mp4,-4.212631,154.82660705,4.0,3.588235294117647
B_I_CatAndDog.mp4,-2.6730195,45.58028500000002,4.052631578947368,3.055555555555556
B_I_CatCoffee.mp4,-10.095413,5.743764999999996,3.882352941176471,3.5625
B_I_CatVSDog.mp4,-5.1077275,22.41245500000001,3.6666666666666665,3.5
B_M_Street.mp4,-2.436844,40.501622,3.3,3.0526315789473686
B_M_TempleTraffic.mp4,-1.839447,40.25415000000001,3.35,3.0
B_M_ViewFromHamlet.mp4,0.4785751,8.972054999999997,4.111111111111111,3.411764705882353
B_p_Carriage.mp4,0.777652,141.95968499999998,3.85,3.5789473684210527
B_p_Cyberharcelement.mp4,-3.8091585,-149.67466,3.35,2.35
B_p_FishermanBastion.mp4,2.4347625,29.38543,4.0,3.411764705882353
B_p_InsidePalaceTerminal.mp4,1.3561233499999998,-0.144795000000002,3.9,3.588235294117647
B_p_JesusScenicSpot.mp4,2.5109265,-33.142300000000006,3.6875,3.888888888888889
B_p_JourneyOfSpace.mp4,-4.986374,36.51018,2.25,1.25
B_p_LittleMermaidStatue.mp4,0.5402609949999999,-34.14058,4.35,4.0
B_p_MiCorto.mp4,1.928908,-11.32089,4.0588235294117645,2.8947368421052637
B_p_NotreDameInterior.mp4,-2.74913015,6.017264999999995,3.8947368421052633,3.55
B_p_PalaceInBuilding.mp4,-1.434647,-20.16032000000001,3.25,2.8
B_p_PalaceOfVersailles.mp4,0.5109215,-164.55191,3.588235294117647,3.388888888888889
B_p_ParisExperience.mp4,-0.7972562999999999,22.67779499999999,3.95,3.8
B_p_PriestsAtTheVatican.mp4,-2.7476960000000004,-119.437305,3.0,2.789473684210526
B_p_RoyalPalace.mp4,-0.7553099000000001,-147.98287,3.6875,3.5
B_p_StovePray.mp4,-0.43241885,38.97573,4.0,3.947368421052632
B_p_TowerOfLondon.mp4,-0.033432005,28.002080000000007,3.5,3.0
B_A_BeginWorldCup.mp4,-1.908249,153.08698500000003,2.1578947368421053,1.3
B_A_Euro.mp4,-0.2820587,26.048950000000005,2.3,1.5263157894736843
B_A_MorningFlight.mp4,-1.02642805,140.41053499999998,3.2,2.5
B_A_NightFlight.mp4,-2.453599,149.670055,3.625,2.5625
B_A_StreetDance.mp4,1.6238,49.029185,1.85,1.2941176470588236
B_A_StreetDance1.mp4,-0.3707997999999999,120.034345,3.842105263157895,3.35
B_B_AncientTown.mp4,-7.789764499999999,-11.918035000000003,2.0,1.45
B_B_Ballon.mp4,-4.048279,11.255849999999995,3.8947368421052633,3.5625
B_B_BallonFlight.mp4,-1.7046202499999998,-138.328375,3.5294117647058822,2.5
B_B_BeachDance.mp4,-1.538467305,21.918724999999995,2.411764705882353,1.263157894736842
B_B_Car.mp4,1.3580214000000002,-113.700095,2.823529411764706,1.631578947368421
B_B_CliffDiving.mp4,-4.103592,37.146855,2.8,2.05
B_B_Driving.mp4,-1.3696595,71.91019200000001,2.9,2.625
B_B_Hike.mp4,-1.59657285,-147.0126995,2.789473684210526,2.0
B_B_InCar1.mp4,-2.1013192,-152.61404000000002,2.8421052631578947,2.25
B_C_DargonBoat.mp4,-5.0045475,-160.96678,3.4705882352941178,2.8
B_C_RacingBicycle.mp4,-1.6129912,95.470335,2.6842105263157894,2.5
B_C_RappelDown1.mp4,-1.18023695,61.825800000000015,3.5789473684210527,2.3
B_F_BridegOpening1.mp4,4.751499,-20.114915,1.0,1.0
B_F_BridegOpening2.mp4,3.094388,-97.667605,3.45,2.5789473684210527
B_F_CartoonBearShow1.mp4,-1.6376036,119.87165,2.45,1.6842105263157894
B_F_InTunnel.mp4,-1.4938658500000002,5.760549999999995,1.3,1.0
B_F_JungleCruise1.mp4,-3.057617,100.20153499999998,3.35,3.0
B_F_JungleCruise2.mp4,-0.7833166,9.909945,3.388888888888889,2.6666666666666665
B_F_SightseeingYacht1.mp4,-1.57772835,-136.1310305,2.588235294117647,2.6
B_G_Resturant.mp4,-0.293971,45.70875499999998,2.3529411764705883,2.0
B_J_Cactus.mp4,0.4182523,-71.607355,3.0,2.3
B_J_MeteorCrater.mp4,-0.1488064999999999,-175.1528475,3.05,2.5
B_J_MeteorMuseum.mp4,4.7318375,137.054085,3.0,2.0526315789473686
B_J_NationPark.mp4,1.0047168,-134.196059,2.625,2.35
B_J_NationParkPath.mp4,-0.0804122499999999,-12.088234999999996,2.6842105263157894,2.4
B_J_Oxyshpere.mp4,-0.58306065,-74.059455,3.2,2.7
B_J_PathInForest.mp4,0.0403895,-170.15543,2.8421052631578947,2.45
B_J_Skywalk1.mp4,-4.7711945,-86.12643,3.0526315789473686,2.210526315789474
B_J_Skywalk2.mp4,-4.040176499999999,160.85428000000002,3.0,1.85
B_J_SnowMountain.mp4,-4.051712,-33.107662999999995,2.833333333333333,2.0526315789473686
B_J_SpiderRock.mp4,1.19915495,115.917295,3.5,2.5294117647058822
B_K_Avatar1.mp4,-3.4543764,16.968085000000002,3.0,2.55
B_K_RollerCoaster1.mp4,-9.3679515,86.97944000000001,3.75,3.588235294117647
B_L_Beach.mp4,-1.769272,-73.48216500000001,2.45,1.9
B_L_Dusk.mp4,-3.375107,12.735605,1.85,1.5
B_L_Girl.mp4,-2.450211,78.580635,3.0,2.6842105263157894
B_L_Monkey.mp4,-2.2397002,144.55951,3.7,3.375
B_L_MorningBeach.mp4,-1.766724,138.16205000000002,4.15,3.65
B_L_NightBeach.mp4,-1.968399,-90.3842875,2.75,1.8421052631578947
B_M_SunsetPoint.mp4,-1.443359,-8.482799500000006,4.15,3.9
B_M_SunsetPoint1.mp4,2.394017,147.82513,3.625,3.8333333333333335
B_p_Aircraft.mp4,-4.7786715,48.76185649999999,3.05,3.05
B_p_CarCrash.mp4,-1.5388185,-16.879365,4.277777777777778,3.3
B_p_Cosplay.mp4,-0.0474993,2.5232150000000004,4.0,3.0
B_p_CrowdReacts.mp4,-3.348801,-177.769546,3.6,2.8421052631578947
B_p_Fridge.mp4,2.166464,-4.440714999999997,3.8947368421052633,3.210526315789474
B_p_HotAirBalloon.mp4,1.32236685,135.20407,2.8,2.0
B_p_LifeOfJerkMan.mp4,2.2623605,62.42349,3.15,2.8823529411764706
B_p_LionKing.mp4,-1.833862,-34.338179499999995,4.25,3.2
B_p_SpeedFlying.mp4,-3.4764405,173.767665,3.75,2.5294117647058822
B_p_Student.mp4,2.612975,177.06822,4.352941176470588,3.882352941176471
B_p_TraditionalChinesefood.mp4,-5.6714325,-68.196785,3.411764705882353,2.5294117647058822
B_p_UnderTrain.mp4,-3.345459,-162.236175,3.2222222222222223,2.4375
B_p_WindowKids.mp4,-3.8666535,18.759354999999992,2.388888888888889,1.6470588235294117
B_A_Church.mp4,-4.187973,0.2102350000000044,1.631578947368421,1.25
B_A_GreatWall.mp4,-8.189331000000001,-129.9820365,2.1666666666666665,2.0
B_A_InsideSite.mp4,-5.0186615,58.01065499999999,3.842105263157895,3.5294117647058822
B_A_MariammanTemple.mp4,-5.8348085,8.213161500000005,4.411764705882353,3.15
B_A_Park.mp4,-4.660323999999999,167.09294,2.1,1.631578947368421
B_A_PlayMusic.mp4,-6.505508000000001,-15.906384999999991,3.3157894736842106,2.888888888888889
B_A_Pray.mp4,-5.045151000000001,87.1067,4.75,3.947368421052632
B_A_Temple.mp4,-3.6016995,-119.97887,1.95,1.2941176470588236
B_A_Temple1.mp4,-3.3595885,39.73870000000001,3.4,2.85
B_A_TheClock.mp4,0.43395575,19.9765795,1.95,1.3333333333333333
B_A_WildTemple.mp4,-4.060791,-174.72681,1.75,1.4444444444444444
B_A_WorldCup.mp4,-7.234024,132.00388500000005,2.95,2.0
B_B_Buddha.mp4,-5.494568,-150.0036305,3.0,2.823529411764706
B_B_Dancer2.mp4,-4.663345,-5.856500000000004,2.3529411764705883,2.25
B_B_Dancers.mp4,-3.6869965,-12.002835000000005,1.75,1.55
B_B_FilmingSite.mp4,-6.698578,-69.95929190000001,2.35,2.2
B_B_FireShow.mp4,-1.13085935,-149.98207,1.75,1.3157894736842106
B_B_GoldenTemple.mp4,-4.379211,3.821955000000002,3.0,3.055555555555556
B_B_InCar2.mp4,3.2492145,-9.984175,3.75,3.0526315789473686
B_B_IndoorDance.mp4,-3.8659975,-97.832654,3.625,3.3125
B_B_PlayMusic.mp4,-4.2207795,-167.94617,3.8947368421052633,3.1666666666666665
B_B_Racing.mp4,-1.610321,-41.41541000000001,3.8947368421052633,2.0
B_B_Robot3.mp4,-4.631149499999999,-150.926785,1.95,1.3888888888888888
B_B_ScenicSpot.mp4,-5.5752565,-3.0376549999999938,2.5,1.736842105263158
B_B_StartShow.mp4,-5.6216735,-134.08141899999998,1.7894736842105263,1.3529411764705883
B_B_StreetDance.mp4,-3.657959,-105.99507,3.25,3.111111111111111
B_B_VarietyShow.mp4,-5.3391725,-3.2066649999999868,3.75,3.0
B_C_BandBattle.mp4,-1.7557675,-5.154733,2.5625,1.0
B_C_DanceShow1.mp4,-6.183028999999999,-116.18031,3.0,2.411764705882353
B_C_Divas.mp4,-1.3513645,-10.93611,2.833333333333333,1.4736842105263157
B_C_Diving.mp4,-4.346756,74.57884,3.3,2.65
B_C_Drifting1.mp4,-0.8926239499999999,-19.2585,3.588235294117647,2.8947368421052637
B_C_Gliding.mp4,1.054584,-62.9083075,2.631578947368421,2.6
B_C_Raceway.mp4,-1.10290545,-1.5225749999999891,3.235294117647059,3.0526315789473686
B_C_RappelDown2.mp4,0.73199315,34.93943900000001,3.25,2.15
B_C_Skining.mp4,-2.170853,-174.816585,3.6,3.473684210526316
B_C_Surfing.mp4,-2.7161865,-2.9572649999999925,2.9444444444444446,2.1666666666666665
B_C_TFNW2.mp4,-0.62507635,-44.036010000000005,3.473684210526316,2.2
B_D_Driver.mp4,-2.313629,-1.839852499999992,2.055555555555556,1.3888888888888888
B_D_NightMovie.mp4,-1.360148,-161.9017,1.75,1.263157894736842
B_D_NightShrine1.mp4,-2.4302675,-102.97098,1.5555555555555556,1.35
B_D_NightShrine2.mp4,-4.032928500000001,-8.056028650000002,1.65,1.263157894736842
B_E_Hiking.mp4,-3.1665495,178.5219,2.0,1.4
B_E_OnTrain.mp4,-0.294693,8.021225000000008,2.3,1.85
B_F_BearShowEnd.mp4,-3.5821075,0.7340549999999837,2.611111111111111,2.5625
B_F_DisneylandShow.mp4,4.1318595,-7.270744999999998,3.2,2.8
B_F_SightseeingYacht2.mp4,-1.1259155,44.04712500000001,3.05,1.9444444444444444
B_F_SightseeingYacht3.mp4,-4.9618225,38.13051999999999,3.0,2.4
B_H_WaterSailing.mp4,-2.5282135,-11.96855,1.4705882352941178,1.368421052631579
B_I_Boxing.mp4,-3.3863070000000004,2.689160000000001,3.411764705882353,3.411764705882353
B_I_GameBattle1.mp4,1.7542816,-22.87251,4.105263157894737,3.4375
B_I_SpiderMan1.mp4,-0.0495668499999999,-171.710845,4.15,3.8947368421052633
B_K_KumbuStupa.mp4,-2.144455,34.527487,3.65,3.210526315789474
B_K_RollerCoaster2.mp4,-2.5643155,-170.030695,3.684210526315789,3.35
B_K_RollerCoaster3.mp4,-4.1744995,-159.69875000000002,3.684210526315789,1.55
B_L_RanTrain.mp4,-3.6039585,-163.99805500000002,1.85,1.7
B_L_ThreeWheeler1.mp4,5.008616,69.84263,2.6875,1.85
B_L_ThreeWheeler2.mp4,-2.0888675,-44.515275,2.0,1.65
B_L_TrainDrewIn.mp4,-2.6506195,58.990655,2.0,1.5555555555555556
B_L_TrainScenery.mp4,-4.7854615,-18.644952999999997,1.894736842105263,1.75
B_A_AncientTown.mp4,-2.072464,-19.89392,2.2,2.0
B_A_BronzeStatue.mp4,-0.0975665999999999,86.021,2.0,1.85
B_A_InChurch.mp4,-2.9859922,-16.854304999999997,2.6,2.5
B_A_InsideChurch.mp4,-0.57754515,-9.996434999999998,2.55,1.95
B_A_InsideTemple.mp4,0.0909870499999999,-21.94574600000001,1.625,1.4736842105263157
B_A_NightTemple.mp4,-2.6187745,-44.996375,1.4210526315789471,1.0
B_A_OutsideTemple.mp4,-0.3225133,-59.98718,1.588235294117647,1.5789473684210529
B_B_Cathedral.mp4,-1.55747995,9.976394999999997,2.05,1.5294117647058822
B_B_CubaStreet.mp4,-0.33674465,57.02358,2.25,2.0
B_B_MickeyMouse.mp4,-0.63531505,-170.36366500000003,4.789473684210527,4.45
B_B_Mural.mp4,1.346843,129.94119,2.9,2.8421052631578947
B_B_OnBridge.mp4,-0.4551144,-130.969155,2.3684210526315788,1.947368421052632
B_B_Park.mp4,0.3125772999999999,-94.0883805,2.3529411764705883,1.7
B_B_PooL.mp4,-5.948883,-133.04358399999998,1.894736842105263,1.4444444444444444
B_B_Robot1.mp4,-1.3865205,-81.006775,2.1052631578947367,1.3888888888888888
B_B_SpongeBob2.mp4,-2.183502,-43.926115,3.625,3.111111111111111
B_B_SuspensionBridge1.mp4,-1.7641605,175.212907,3.15,3.3157894736842106
B_B_SuspensionBridge2.mp4,0.32155685,6.9442399999999935,3.055555555555556,2.75
B_B_SuzhouGardens.mp4,-1.724533,-2.092455000000001,2.235294117647059,1.95
B_C_BerlinChurch.mp4,-2.4776457,-90.15012,2.588235294117647,2.5
B_C_Drifting2.mp4,-0.98535165,114.86491,2.65,2.055555555555556
B_D_BaptistChurch.mp4,-3.6144255,-10.875555000000006,2.7777777777777777,2.75
B_D_BuddhaCave.mp4,-7.3433075,-157.97382000000002,2.0,1.3529411764705883
B_D_ConfucianTemple.mp4,-1.19816575,81.92834500000001,2.0,1.4736842105263157
B_D_HeavenTemple.mp4,1.22892185,0.9810599999999924,2.0526315789473686,1.894736842105263
B_D_InsideHangingTemple.mp4,-5.958892499999999,-109.9713,1.5555555555555556,1.5263157894736843
B_D_InsideMonsatery.mp4,-1.4546029632500002,-10.957049999999995,1.75,1.263157894736842
B_D_JapanTemple1.mp4,-4.755782999999999,-164.04464895,2.0,1.5263157894736843
B_D_OutsideGrottoes.mp4,-6.44989,-3.1435400000000016,2.25,1.6111111111111112
B_D_PigeonOnEaves.mp4,-5.6797485000000005,-14.095328000000002,2.5,2.0
B_D_StoneBuddha.mp4,-4.341873,-154.050565,2.0,1.5263157894736843
B_E_Arch.mp4,1.1205862,-4.315149999999996,4.473684210526316,4.470588235294118
B_E_ForumRoad.mp4,-2.278885,-118.16099477,4.0,3.3529411764705883
B_E_InsideLibrary.mp4,-4.3701785,23.814305000000004,2.65,2.05
B_E_PeopleLibrary.mp4,-5.6883695,11.008899699999994,1.947368421052632,1.95
B_E_RomanChurch.mp4,-1.9143221,-5.840250000000005,3.3684210526315788,3.588235294117647
B_E_RomanTemple.mp4,1.462832,-39.9519025,3.3684210526315788,3.4444444444444446
B_E_SpyShip.mp4,-1.786911,4.074829950000002,2.411764705882353,1.411764705882353
B_F_Firework1.mp4,6.668208,-4.279729999999994,1.3529411764705883,1.1578947368421053
B_F_Firework2.mp4,-0.7411967,-7.234245000000001,2.6,2.45
B_G_BelligioFountainShow1.mp4,-3.0705415,6.015594999999998,3.0,2.75
B_G_CircusHotel1.mp4,1.714691,-16.011120000000005,2.526315789473684,1.95
B_G_Fountain1.mp4,-2.8960875,6.016829000000001,1.8888888888888888,1.947368421052632
B_G_IndoorFountainShow1.mp4,-1.0690002,10.643801449999998,2.4705882352941178,2.05
B_G_NightFountainShow1.mp4,-4.1601255,28.993795000000013,2.5294117647058822,1.85
B_G_StreetLightShow2.mp4,-4.473190499999999,-146.4121295,3.0526315789473686,2.4705882352941178
B_G_StreetShow1.mp4,-1.71785,-0.4040354999999991,2.55,2.15
B_G_VolcanoShow1.mp4,-4.191483,4.247990000000009,2.4705882352941178,1.8
B_G_VolcanoShow2.mp4,-5.3763425,7.995780000000003,1.9,1.6111111111111112
B_H_Cemetery.mp4,-2.484802,176.033085,4.157894736842105,4.105263157894737
B_H_DarkPalace.mp4,-7.874588,-6.081814999999999,3.75,3.9
B_H_EveningPrayer.mp4,-2.5143735,-5.9983705,2.1052631578947367,1.75
B_H_Mosque.mp4,-4.6987760000000005,109.964081,1.9,2.0
B_H_Prayer.mp4,-8.173157,174.732375,3.421052631578948,3.1578947368421053
B_H_Ruins.mp4,-2.613586,8.952910000000003,4.375,3.631578947368421
B_H_TheChildInPalace.mp4,-6.709671,-67.99938999999999,4.0,3.5
B_I_BoxingMatch.mp4,-2.5964965,-18.95667000000001,3.3157894736842106,2.4
B_I_Dinosaur1.mp4,1.637587,0.9473449999999984,4.05,3.5
B_I_GameBattle3.mp4,-6.129608,-8.623714999999997,4.105263157894737,4.0
B_I_HelpWanted.mp4,-1.0509794,-89.1586822,3.75,3.888888888888889
B_I_HotelTop.mp4,-4.542358500000001,1.9382646499999936,3.055555555555556,3.0
B_I_MyWorld.mp4,1.979848,-116.512861,3.882352941176471,3.45
B_I_NightAvenue.mp4,2.5917385,-159.8236965,3.0,2.1666666666666665
B_I_NightStreet.mp4,-5.693939,-121.025969,3.0,2.411764705882353
B_I_OnShip.mp4,-1.5125275,-166.53051499999998,3.8333333333333335,3.35
B_I_SpiderMan2.mp4,-0.0572105,-26.789395,3.6666666666666665,3.5
B_I_SpongeBob1.mp4,-5.661377,-155.0808885,4.5,4.631578947368421
B_I_Street.mp4,1.3265125,34.751516,3.388888888888889,3.0
B_J_Casa.mp4,-8.3875275,-6.951997999999996,3.0,2.5625
B_J_InCasa.mp4,-1.2533419,-159.168315,2.9444444444444446,2.5789473684210527
B_K_BuddhasRoad.mp4,-0.6625165399999999,-2.517515500000009,3.25,2.85
B_M_Bowing.mp4,1.4092495,168.97722,2.625,2.5
B_p_HogRider.mp4,0.34101886,-2.884074999999996,4.105263157894737,4.0
B_p_SolarEclipse.mp4,0.5934753,7.889484999999993,3.3157894736842106,2.45
B_p_TeaCupPuppies.mp4,-2.51776715,-89.74962500000001,3.4705882352941178,3.5625
B_A_FlowerDemo.mp4,-7.1576845,6.862043999999997,4.15,3.9
B_A_Grassland.mp4,-9.2033845,-10.023083499999998,2.3125,2.0
B_A_NightBar2.mp4,-2.7262575,-162.013185,2.3125,1.5
B_A_ParadeChaos.mp4,-8.705017000000002,34.97527,2.625,2.0
B_A_WatchBallGame.mp4,-5.8568725,-21.015874549999992,2.5,2.4375
B_B_CGCastle1.mp4,-12.343050000000002,-92.12713,2.6,2.0526315789473686
B_B_Concert1.mp4,-6.965347,-175.90966500000002,3.1052631578947367,1.5
B_B_Dance2.mp4,-4.260009999999999,11.0358479,1.7,1.6
B_B_Dancer1.mp4,-6.6743165,-11.158940000000015,2.055555555555556,1.588235294117647
B_B_Everest.mp4,-0.90550235,-151.993855,2.4,1.7894736842105263
B_B_FriedNoodles.mp4,-3.8457185,-12.017522499999991,2.9473684210526314,2.75
B_B_Man.mp4,-6.415634,-1.9290200000000013,3.411764705882353,2.5789473684210527
B_B_Restaurant.mp4,-2.8864445,-23.826690000000006,3.0,2.25
B_B_Robot2.mp4,-10.814085,-89.93814499999999,2.15,1.3529411764705883
B_C_Band1.mp4,-3.8228605,162.9716795,2.75,2.05
B_C_Band3.mp4,-5.040329,-20.043975000000003,3.3,2.7
B_C_Band4.mp4,-5.6367035,-113.051178,3.0,2.631578947368421
B_C_Driving1.mp4,-7.4092865,-65.1135187,4.2105263157894735,3.55
B_C_MusicShow1.mp4,-6.318924,167.988115,2.411764705882353,1.368421052631579
B_C_MusicShow2.mp4,-5.983627,12.131889999999984,1.5,1.263157894736842
B_C_TFNW1.mp4,-0.9605255,-34.025814999999994,3.4705882352941178,1.95
B_D_ErlangTemple.mp4,-5.6872255,-9.09977,2.5,1.3
B_D_FunkyRoof.mp4,-8.735428,-162.00949,2.0,1.263157894736842
B_D_GaintBuddha.mp4,-4.2075345,-79.850885,2.055555555555556,1.4736842105263157
B_D_HallOfPrayer.mp4,-6.1008145,18.169740000000004,2.2,1.8333333333333333
B_D_HangingTemple.mp4,-6.7688905,4.1887299999999925,2.2777777777777777,2.0
B_D_Kathmandu1.mp4,-1.8751356,38.093705000000014,2.9,2.1052631578947367
B_D_Kathmandu2.mp4,-2.5191041,78.01713000000001,2.6,1.4736842105263157
B_D_LingbaoPagoda.mp4,-9.1636965,-52.049924,1.5,1.5555555555555556
B_D_LingyunTemple.mp4,-7.2028355,69.94848,2.45,1.894736842105263
B_D_MaryCathedral.mp4,-8.690643000000001,-23.017234999999992,2.15,1.411764705882353
B_D_MaryChurch.mp4,-7.6989895,-28.754455000000004,3.625,2.45
B_D_Mascot.mp4,-4.598236,-12.961345,2.5,1.8421052631578947
B_D_Monastery.mp4,-7.3242645,-157.97903100000002,2.3,2.05
B_D_YunGrottoes1.mp4,-3.3583985,70.06665000000001,2.421052631578948,2.05
B_E_OnSpyShip.mp4,-11.576965,-139.68242500000002,2.8,2.0
B_F_BirdShow2.mp4,-9.209381,42.482485,2.0,1.65
B_F_CartoonBearShow2.mp4,-5.264679,-2.9687845000000053,3.0,1.8888888888888888
B_F_CartoonBearShow4.mp4,-1.881424,-162.059935,1.263157894736842,1.85
B_F_Firework3.mp4,-2.0983585,21.7643,2.1052631578947367,2.25
B_G_BelligioFountainShow2.mp4,-5.662079,-10.000584999999994,3.25,2.7777777777777777
B_G_CircusHotel2.mp4,-5.557053,176.28671450000002,2.411764705882353,2.25
B_G_Fountain2.mp4,-5.905991,-0.5206500000000034,2.789473684210526,2.55
B_G_IndoorFountainShow2.mp4,-6.9562225,-165.88331499999998,2.8947368421052637,2.3
B_G_IndoorFountainShow3.mp4,-7.465820000000001,-152.030625,3.0,2.7777777777777777
B_G_LakeShow.mp4,-3.9481965,-23.936248500000005,2.5,1.9
B_G_NightFountainShow2.mp4,-7.541717500000001,-25.04324,2.588235294117647,2.05
B_G_NightFountainShow3.mp4,-4.9785155,38.01766500000001,2.7058823529411766,1.8421052631578947
B_H_InsidePalace.mp4,-5.173828,-165.98936500000002,2.3,1.8888888888888888
B_H_NightfallMosque.mp4,-6.9901125,-154.0205085,2.05,2.0
B_H_Palace.mp4,-7.8799595,45.95732000000001,2.421052631578948,2.3
B_I_Dinosaur2.mp4,-6.270935,-48.214814,4.588235294117647,4.15
B_I_Ferry.mp4,-8.701401,-162.19806,3.65,3.1666666666666665
B_I_GameBattle2.mp4,-7.493225,-31.66605,3.8947368421052633,3.5
B_I_SpongeBob2.mp4,-7.4353485,-30.191749999999992,4.4,4.473684210526316
B_I_Squidward.mp4,-10.001113,-176.434015,4.65,4.4
B_M_Cart.mp4,4.078885,-4.9914870000000064,4.0,3.421052631578948
B_M_Cathedral.mp4,-6.3060305,-7.041249999999998,3.3,3.25
B_M_CaveChurch.mp4,-5.8815615,-26.15513,4.1,4.0
B_M_CaveTemple.mp4,-6.829025,-131.96425,4.0,2.9473684210526314
B_M_GreatMosque.mp4,-7.711532500000001,-69.964035,3.15,3.789473684210526
B_M_Hall.mp4,-5.9986725,-170.9316,3.95,3.35
B_M_InsideChurch.mp4,-7.782623,-163.077175,3.65,3.5
B_M_InsideMosque.mp4,-7.8910215,-58.092945,3.294117647058824,3.2777777777777777
B_M_Madrasah.mp4,-7.720001,10.309194999999995,4.0,3.6
B_M_Mosque.mp4,-9.447449,119.978315,3.611111111111111,3.5294117647058822
B_M_NativityChurch.mp4,-6.399933,-54.5241,4.526315789473684,3.5294117647058822
B_M_NightShwedagon.mp4,-7.403534,-42.98793499999999,3.625,3.3684210526315788
B_M_OldSynagogue.mp4,-8.0964965,69.93869000000001,4.0,3.6
B_M_OutsideChurch.mp4,-6.883469,-112.9649655,4.2,3.95
B_M_OutsideMosque.mp4,-7.1846925,-133.08236499999998,3.111111111111111,2.25
B_M_StoneBuliding.mp4,-7.1693725,-16.008580000000002,3.9444444444444446,3.555555555555556
B_M_SulePaya.mp4,-4.6943815,2.363919999999993,4.105263157894737,3.7
B_M_WishingWell.mp4,-8.8269045,15.174094000000004,3.3157894736842106,2.526315789473684
B_M_Workship.mp4,-6.2839355,-156.015395,2.3684210526315788,2.6842105263157894
B_A_Bar.mp4,-6.371689,29.935676,1.588235294117647,1.85
B_A_Bar3.mp4,-7.1399075,3.055314999999993,2.75,2.263157894736842
B_A_Fans.mp4,-7.8590695,-178.976225,2.411764705882353,1.6470588235294117
B_B_CGCastle2.mp4,-9.6557465,-57.732445,3.0,2.9444444444444446
B_B_CGStatue.mp4,-13.069245,-71.892385,3.0,2.65
B_B_Concert2.mp4,-11.19391,172.45326,3.1052631578947367,2.25
B_B_Dance1.mp4,-11.870605,153.976495,2.5625,1.6842105263157894
B_B_Dining.mp4,-10.7109855,-37.020925000000005,2.1666666666666665,2.5
B_B_Doll.mp4,-10.4508045,-169.76915,3.5625,2.55
B_B_Fishing.mp4,-11.9225,148.152535,2.888888888888889,2.4444444444444446
B_B_FruitStore.mp4,-6.603943,-22.07137499999999,4.15,3.25
B_B_Gallery.mp4,-5.567535,-176.192545,2.8,2.3684210526315788
B_B_HairCut.mp4,-3.3958895,4.029155000000003,2.9,2.888888888888889
B_B_Resturant.mp4,-4.0763395,-150.392886,3.947368421052632,2.789473684210526
B_B_RideInCar.mp4,-6.464722,57.82825,3.789473684210526,3.4
B_B_Subway.mp4,-10.016234,10.991425000000008,2.555555555555556,2.25
B_B_WashCar.mp4,-5.462387,21.320238999999997,2.736842105263158,2.4375
B_C_Band2.mp4,-4.1799165,-27.777685000000005,3.05,2.6
B_C_DargonBoatTeam.mp4,-9.3914795,-29.43829,3.473684210526316,2.823529411764706
B_C_FlightTest.mp4,-8.106857000000002,-157.3884905,3.2,2.55
B_C_FlightTestOver.mp4,-3.99408,21.737785,3.75,3.6
B_C_Testing.mp4,-7.186539,-67.90254999999999,2.421052631578948,2.4
B_D_Buddhist.mp4,-3.7766725,1.2930999999999957,2.1052631578947367,2.375
B_D_BurnIncense.mp4,-4.5460665,-23.803200000000004,2.0,2.0
B_D_SacredCamphorTree.mp4,-9.150924,144.67836,2.0,2.15
B_D_ThreeChildren.mp4,-5.4926455,166.99208499999995,1.6111111111111112,1.4444444444444444
B_D_YunGrottoes2.mp4,-7.276351999999999,-20.972855000000003,2.0,1.35
B_D_YunGrottoes3.mp4,-2.1112675000000003,-69.98889500000001,2.3529411764705883,2.0
B_E_BonfireNight1.mp4,-5.684021,-28.970230000000008,2.0,1.1764705882352942
B_E_BonfireNight2.mp4,-7.7687225,172.147335,2.4,1.8421052631578947
B_E_BottlingPlant1.mp4,-10.828765,51.25236850000002,2.1052631578947367,2.0
B_E_BottlingPlant2.mp4,-10.722765,-61.561655,2.0,1.6842105263157894
B_E_DownFloor.mp4,-7.267746000000001,-1.8227949999999995,2.4444444444444446,2.4705882352941178
B_E_PingPong.mp4,0.9673691,-82.96193,2.611111111111111,2.5625
B_F_BirdShow1.mp4,-6.537445,-7.878350000000005,1.8,1.0
B_F_CartoonBearShow3.mp4,-4.512512,-6.955614499999996,2.0,1.1176470588235294
B_F_Firework4.mp4,-10.669345,-12.444649999999996,2.35,1.5
B_F_InHauntedHouse.mp4,-7.883331,19.826779999999992,1.4210526315789471,1.0
B_F_PartyParade2.mp4,-14.9819,-85.77637000000001,3.5,3.473684210526316
B_G_NewYearDisplay1.mp4,-1.168686,32.77392499999999,3.3,3.25
B_G_NewYearDisplay2.mp4,-12.23874,-4.768689499999994,3.5,3.45
B_G_StreetLightShow1.mp4,-5.530106,39.77141,2.9,2.7
B_G_StreetLightShow3.mp4,-5.223831000000001,99.6398842,2.8947368421052637,2.9444444444444446
B_G_StreetShow2.mp4,-2.556442,7.190374000000006,3.0,2.7777777777777777
B_I_WhiteShark.mp4,-9.6231995,-5.070800000000013,4.1,3.8
B_I_WildWind.mp4,-7.174728,170.03346,4.421052631578948,4.2105263157894735
B_I_Yacht.mp4,-8.370376499999999,155.39648,3.5625,3.65
B_K_Avatar2.mp4,-4.016662500000001,-127.01992,1.947368421052632,1.5789473684210529
B_K_GameOver.mp4,-2.739151,-42.183710000000005,2.5,2.3
B_K_Movie.mp4,-6.8770445,-11.863447999999998,3.1666666666666665,2.35
B_K_PlayGames.mp4,-6.874573,4.721695000000004,2.45,2.1
B_K_WatchingFilm1.mp4,-9.7079445,-25.951629999999994,2.5294117647058822,1.5
B_K_WatchingFilm2.mp4,-8.808273,-11.826895,2.0,1.5
B_L_TrainStation.mp4,-8.380142,-90.06112,1.4736842105263157,1.4444444444444444
B_L_TrainTunnel.mp4,-5.638855,-155.0148595,2.3529411764705883,1.65
B_M_Cathedral1.mp4,-6.4058075,92.91146,3.5625,3.65
B_M_CaveTemple1.mp4,-2.8990020000000003,133.097076,2.7777777777777777,1.947368421052632
B_M_CaveTemple3.mp4,-9.946792,50.03604,4.277777777777778,3.9
B_M_Chanting.mp4,-5.001495500000001,171.94424,3.5,3.0
B_M_Christianity.mp4,-11.30083,-14.985424349999995,3.95,2.95
B_M_CityChurch.mp4,-9.506714,21.631925000000003,3.6,3.45
B_M_Cloud.mp4,-2.216263,-66.65569,3.55,3.85
B_M_DhammayangyiTemple.mp4,-8.650436,-12.50404499999999,3.6875,2.9444444444444446
B_M_GrandMosque.mp4,-9.923172,7.030359999999988,3.411764705882353,3.0
B_M_LightFloor.mp4,-5.4709165,-52.03132500000001,3.764705882352941,2.8421052631578947
B_M_NightLake.mp4,-5.842148,-159.872235,3.0,2.555555555555556
B_M_NightShwedagon1.mp4,-8.2721255,-17.924775000000004,3.5294117647058822,3.1875
B_M_NightWorship.mp4,-7.889571999999999,-129.784057,3.0526315789473686,2.789473684210526
B_M_OldCity.mp4,-6.5186005,104.987885,3.588235294117647,3.625
B_M_RockyMountains.mp4,1.8895685,-17.987890000000007,1.95,1.5
B_M_Shwedagon1.mp4,-6.0249785,-29.58395,2.3125,2.5
B_M_Soldier.mp4,-14.095065,-24.329455000000003,2.65,2.65
